{
  "emotions": [
    {
      "primary_emotion": "Joy",
      "secondary_emotions": [
        {
          "intensity": "low",
          "secondary_emotion": "Serenity",
          "tertiary_emotions": [
            "Calmness",
            "Contentment",
            "Peacefulness"
          ]
        },
        {
          "intensity": "high",
          "secondary_emotion": "Ecstasy",
          "tertiary_emotions": [
            "Bliss",
            "Rapture",
            "Euphoria"
          ]
        }
      ]
    },
    {
      "primary_emotion": "Trust",
      "secondary_emotions": [
        {
          "intensity": "low",
          "secondary_emotion": "Acceptance",
          "tertiary_emotions": [
            "Affection",
            "Friendliness",
            "Comfort"
          ]
        },
        {
          "intensity": "high",
          "secondary_emotion": "Admiration",
          "tertiary_emotions": [
            "Respect",
            "Appreciation",
            "Esteem"
          ]
        }
      ]
    },
    {
      "primary_emotion": "Fear",
      "secondary_emotions": [
        {
          "intensity": "low",
          "secondary_emotion": "Apprehension",
          "tertiary_emotions": [
            "Uneasiness",
            "Nervousness",
            "Tension"
          ]
        },
        {
          "intensity": "high",
          "secondary_emotion": "Terror",
          "tertiary_emotions": [
            "Panic",
            "Horror",
            "Overwhelm"
          ]
        }
      ]
    },
    {
      "primary_emotion": "Surprise",
      "secondary_emotions": [
        {
          "intensity": "low",
          "secondary_emotion": "Distraction",
          "tertiary_emotions": [
            "Startlement",
            "Jolt",
            "Stun"
          ]
        },
        {
          "intensity": "high",
          "secondary_emotion": "Amazement",
          "tertiary_emotions": [
            "Awe",
            "Wonder",
            "Astonishment"
          ]
        }
      ]
    },
    {
      "primary_emotion": "Sadness",
      "secondary_emotions": [
        {
          "intensity": "low",
          "secondary_emotion": "Pensiveness",
          "tertiary_emotions": [
            "Melancholy",
            "Yearning",
            "Gloom"
          ]
        },
        {
          "intensity": "high",
          "secondary_emotion": "Grief",
          "tertiary_emotions": [
            "Sorrow",
            "Despair",
            "Agony"
          ]
        }
      ]
    },
    {
      "primary_emotion": "Disgust",
      "secondary_emotions": [
        {
          "intensity": "low",
          "secondary_emotion": "Boredom",
          "tertiary_emotions": [
            "Indifference",
            "Disinterest",
            "Apathy"
          ]
        },
        {
          "intensity": "high",
          "secondary_emotion": "Loathing",
          "tertiary_emotions": [
            "Revulsion",
            "Abhorrence",
            "Nausea"
          ]
        }
      ]
    },
    {
      "primary_emotion": "Anger",
      "secondary_emotions": [
        {
          "intensity": "low",
          "secondary_emotion": "Annoyance",
          "tertiary_emotions": [
            "Irritation",
            "Agitation",
            "Frustration"
          ]
        },
        {
          "intensity": "high",
          "secondary_emotion": "Rage",
          "tertiary_emotions": [
            "Fury",
            "Wrath",
            "Hostility"
          ]
        }
      ]
    },
    {
      "primary_emotion": "Anticipation",
      "secondary_emotions": [
        {
          "intensity": "low",
          "secondary_emotion": "Interest",
          "tertiary_emotions": [
            "Curiosity",
            "Inquisitiveness",
            "Engagement"
          ]
        },
        {
          "intensity": "high",
          "secondary_emotion": "Vigilance",
          "tertiary_emotions": [
            "Alertness",
            "Readiness",
            "Caution"
          ]
        }
      ]
    }
  ],
  "complex_emotions": [
    {
      "blend": [
        "Joy",
        "Trust"
      ],
      "complex_emotion": "Love"
    },
    {
      "blend": [
        "Joy",
        "Anticipation"
      ],
      "complex_emotion": "Optimism"
    },
    {
      "blend": [
        "Trust",
        "Fear"
      ],
      "complex_emotion": "Submission"
    },
    {
      "blend": [
        "Fear",
        "Surprise"
      ],
      "complex_emotion": "Awe"
    },
    {
      "blend": [
        "Surprise",
        "Sadness"
      ],
      "complex_emotion": "Disappointment"
    },
    {
      "blend": [
        "Sadness",
        "Disgust"
      ],
      "complex_emotion": "Remorse"
    },
    {
      "blend": [
        "Disgust",
        "Anger"
      ],
      "complex_emotion": "Contempt"
    },
    {
      "blend": [
        "Anger",
        "Anticipation"
      ],
      "complex_emotion": "Aggressiveness"
    }
  ]
}